Sex,Age,Exp,Dur,ASex,Avatar,MBTI,pI,E (%),pN,S (%),pF,T (%),pP,J (%),PROP1,PROP2,PROP3,AGEN1,AGEN2,AGEN3,AGEN4,AGEN5,CHNG1,CHNG2,CHNG3,PRIV1,PRIV2,CONG
M,21,C,B,F,Fantasy,ISFP,83,17,36,64,100,0,92,8,5,5,5,5,5,5,5,5,5,5,5,5,3,0
M,20,C,B,M,Traditional,ISFJ,61,39,41,59,51,49,49,51,3,3,3,3,3,3,5,5,4,4,4,3,4,1
F,20,B,A,F,Kemonomimi,ISFP,65,35,27,73,89,11,63,37,2,1,5,5,5,5,5,5,4,5,1,5,5,1
L,19,C,B,M,Fantasy,ISTP,79,21,32,68,49,51,58,42,2,1,3,2,5,4,3,2,3,5,2,2,4,0
M,21,C,B,F,Fantasy,ISTP,53,47,49,51,40,60,51,49,2,2,2,2,4,4,4,4,4,3,2,2,5,0
F,20,B,A,F,Kemonomimi,ISFP,71,29,46,54,60,40,58,42,4,1,4,4,4,4,4,4,4,4,4,3,4,1
M,20,C,A,M,Kemonomimi,ISTP,76,24,37,63,44,56,58,42,2,2,3,3,4,5,3,4,2,3,3,1,5,1
M,20,B,A,M,Traditional,INTJ,79,21,67,33,49,51,33,67,1,1,3,2,3,3,2,3,3,4,4,3,4,1
F,18,C,B,F,Kemonomimi,ISTJ,93,7,29,71,43,57,36,64,2,3,3,3,4,5,4,4,4,5,3,2,3,1
F,19,C,A,F,Fantasy,ESTJ,19,81,9,91,39,61,47,53,4,4,4,1,1,3,2,2,2,2,2,2,2,1
M,20,C,A,M,Kemonomimi,ISFP,53,47,47,53,61,39,57,43,4,3,4,4,4,4,4,4,4,4,4,4,4,1
F,20,C,B,F,Fantasy,ISFP,69,31,36,64,68,32,63,37,3,2,3,3,4,4,4,4,4,4,4,4,4,1
F,20,C,B,F,Kemonomimi,ESTP,33,67,16,84,31,69,58,42,1,1,3,2,5,4,3,4,3,5,2,1,2,1
M,21,C,B,M,Casual,ESTJ,10,90,39,61,22,78,31,69,1,1,1,5,1,1,1,5,5,5,1,2,5,1
F,20,C,A,F,Traditional,ISTP,76,24,32,68,15,85,94,6,2,1,3,2,4,5,4,4,4,3,1,1,3,1
M,20,C,A,M,Casual,ISFP,58,42,22,78,65,35,71,29,4,4,4,3,4,4,4,4,2,3,2,3,4,1
F,20,C,B,F,Kemonomimi,ISFP,57,43,40,60,54,46,54,46,4,4,4,4,4,4,4,4,4,4,4,4,4,1
M,21,C,D,F,Traditional,ISTP,64,36,49,51,47,53,53,47,3,1,4,3,5,5,3,4,1,3,1,1,5,0
F,20,C,B,F,Fantasy,ISFP,53,47,46,54,82,18,60,40,4,2,4,4,5,5,4,4,2,4,2,2,5,1
M,20,C,B,M,Kemonomimi,ISFP,54,46,26,74,54,46,69,31,2,4,3,4,4,4,4,4,5,4,4,5,4,1
F,20,C,A,F,Fantasy,INFP,61,39,55,45,51,49,56,44,3,3,4,4,4,3,3,4,2,3,4,4,3,1
F,20,C,B,F,Fantasy,ISFP,51,49,39,61,72,28,53,47,4,3,4,5,5,4,4,5,4,4,4,4,4,1
M,20,C,C,F,Traditional,ISFP,63,37,28,72,79,21,81,19,4,4,5,5,4,5,4,5,5,4,5,5,4,0
M,20,C,A,F,Casual,ISFP,63,37,39,61,69,31,56,44,3,3,4,3,5,4,4,4,3,4,2,3,3,0
F,20,C,A,F,Fantasy,ISFP,76,24,47,53,72,28,56,44,5,3,4,5,5,5,3,5,5,3,4,5,4,1
F,20,D,B,F,Kemonomimi,ISFP,53,47,36,64,58,42,54,46,4,4,4,4,4,4,4,4,4,4,3,3,4,1
M,19,C,B,F,Traditional,ISFP,51,49,18,82,57,43,68,32,3,2,4,1,5,5,4,3,4,5,3,4,5,0
F,21,D,B,M,Casual,ISFP,53,47,48,52,63,37,51,49,3,2,3,4,5,5,5,4,5,3,5,3,5,0
F,20,C,B,M,Casual,ISFJ,61,39,48,52,64,36,43,57,2,3,3,3,4,3,3,3,1,3,1,3,3,0
F,20,C,A,M,Fantasy,ISTP,68,32,47,53,40,60,64,36,1,1,2,2,4,3,2,3,4,4,1,4,5,0
F,20,D,B,F,Fantasy,ISFP,53,47,19,81,51,49,58,42,5,4,5,5,5,5,5,5,2,3,2,4,4,1
F,22,C,B,F,Fantasy,ISTP,71,29,30,70,47,53,56,44,3,2,3,3,4,4,3,3,4,4,4,2,3,1
L,20,C,B,F,Cyberpunk,ISTJ,75,25,11,89,4,96,37,63,4,3,3,3,5,5,3,3,1,3,1,1,4,0
M,20,C,C,M,Casual,ISFP,75,25,29,71,69,31,58,42,4,3,2,4,5,5,4,4,4,4,5,3,5,1
F,20,B,A,F,Fantasy,ISFP,51,49,34,66,64,36,65,35,4,4,4,3,4,4,3,3,4,4,4,4,4,1
L,19,C,C,F,Casual,ISTP,89,11,40,60,49,51,64,36,4,3,5,4,5,5,4,4,4,5,1,3,5,0
M,21,C,C,M,Cyberpunk,ISTP,75,25,21,79,47,53,61,39,4,4,3,4,4,4,4,4,4,3,3,1,4,1
F,20,A,A,F,Casual,ISFJ,85,15,34,66,56,44,47,53,4,4,5,4,4,5,4,5,5,5,5,5,5,1
F,20,C,B,F,Fantasy,ISTP,67,33,36,64,49,51,56,44,3,4,3,4,5,5,4,5,5,5,5,2,5,1
F,20,C,B,F,Fantasy,ISTP,68,32,37,63,48,52,60,40,3,4,4,4,5,5,3,4,5,5,5,1,5,1
F,20,C,B,F,Casual,ISTP,96,4,11,89,6,94,79,21,2,2,3,3,5,3,3,3,4,4,3,1,4,1
M,20,D,C,M,Fantasy,ISFP,69,31,34,66,65,35,54,46,2,2,5,3,5,5,5,3,2,5,2,2,5,1
F,20,C,A,F,Kemonomimi,ISFP,68,32,23,77,86,14,60,40,4,3,5,2,5,5,3,3,5,5,3,5,5,1
F,20,C,B,F,Fantasy,ESTP,44,56,21,79,36,64,56,44,3,3,3,3,3,3,3,3,3,3,3,3,3,1
L,20,C,B,M,Kemonomimi,ISFJ,71,29,23,77,51,49,33,67,4,4,4,4,5,5,4,4,5,4,5,3,5,0
M,20,B,A,M,Cyberpunk,ISTJ,53,47,48,52,41,59,47,53,3,4,3,2,3,3,2,2,4,4,4,4,4,1
F,19,B,B,F,Traditional,INFJ,58,42,57,43,58,42,42,58,2,1,2,3,3,2,4,4,3,3,2,2,4,1
F,21,C,A,F,Casual,INFJ,58,42,79,21,60,40,25,75,5,2,5,4,5,5,5,4,1,5,3,4,4,1
M,19,C,A,M,Fantasy,ISTP,57,43,47,53,40,60,88,12,2,2,2,2,4,5,3,3,2,2,1,1,2,1
M,20,C,D,F,Traditional,ISFP,75,25,19,81,82,18,68,32,4,2,5,3,5,5,5,5,3,4,3,2,5,0
F,20,C,B,F,Casual,INFJ,88,12,62,38,51,49,31,69,3,3,3,3,4,4,4,4,3,1,2,3,3,1
F,20,C,D,M,Kemonomimi,ISFP,68,32,46,54,63,37,79,21,4,3,4,5,5,5,5,5,5,4,5,3,5,0
M,19,C,B,M,Fantasy,ESTP,49,51,41,59,47,53,58,42,3,3,3,3,3,3,3,3,3,3,3,3,3,1
M,20,C,A,M,Casual,ISTJ,58,42,27,73,26,74,18,82,4,5,3,3,5,5,3,5,4,5,3,3,4,1
F,21,C,D,M,Casual,ISFP,81,19,25,75,69,31,78,22,4,4,4,4,4,4,4,4,4,4,4,4,4,0
M,20,C,B,M,Casual,ISFP,60,40,43,57,53,47,67,33,3,4,4,4,5,4,5,5,5,5,2,3,4,1
F,21,C,B,F,Kemonomimi,ISFP,53,47,45,55,67,33,78,22,3,3,5,5,5,5,5,5,2,4,2,5,5,1
F,21,C,A,F,Cyberpunk,ISFP,83,17,35,65,60,40,57,43,3,3,4,4,4,5,4,4,4,4,4,4,4,1
F,20,D,B,F,Fantasy,ESFP,90,10,40,60,15,85,69,31,1,2,4,3,5,3,5,5,1,5,1,4,5,1
L,20,C,D,F,Casual,ISFP,97,3,5,95,86,14,54,46,4,4,5,5,5,5,5,5,3,4,3,5,3,0
F,20,C,A,F,Fantasy,ESFP,58,42,11,89,24,76,12,88,3,2,3,3,5,5,4,4,5,4,2,5,3,1
F,20,D,C,F,Fantasy,ISTP,69,31,14,86,19,81,74,26,2,2,4,4,2,4,4,4,1,2,1,1,5,1
L,21,C,A,F,Fantasy,ISFP,92,8,14,86,65,35,69,31,1,1,4,3,3,3,4,2,4,4,2,2,2,0
F,20,C,B,M,Cyberpunk,INTP,56,44,53,47,28,72,71,29,1,1,1,1,5,5,1,1,5,5,5,5,5,0
F,20,C,B,F,Casual,ESFP,21,79,36,64,54,46,60,40,3,3,4,3,4,3,3,2,2,4,3,3,3,1
F,21,C,C,F,Kemonomimi,ISTJ,58,42,29,71,35,65,33,67,3,3,2,3,4,4,4,4,4,5,2,1,5,1
M,20,C,B,M,Casual,ISFP,67,33,30,70,57,43,53,47,4,4,5,5,5,4,4,4,3,3,2,1,4,1
F,20,B,B,F,Fantasy,ISFP,61,39,46,54,60,40,54,46,5,3,4,4,5,5,4,3,2,3,3,3,3,1
M,21,C,A,F,Fantasy,ISFP,75,25,27,73,60,40,63,37,4,4,4,4,4,4,4,4,4,4,4,2,4,0
M,20,C,B,M,Fantasy,ISFP,80,20,30,70,70,30,70,30,4,1,3,4,5,4,3,4,4,4,3,4,4,1
M,21,C,B,F,Fantasy,ISFP,64,36,23,77,70,30,65,35,4,1,5,4,5,5,4,5,3,5,4,1,5,0
M,20,B,A,F,Traditional,ISFP,65,35,29,71,64,36,53,47,1,1,4,3,4,4,4,4,3,4,4,2,4,0
M,20,C,A,M,Casual,ESTP,39,61,42,58,31,69,67,33,3,3,3,3,3,3,3,3,3,3,3,3,2,1
F,20,C,A,F,Casual,ISFP,63,37,27,73,63,37,54,46,1,1,5,4,5,5,5,5,4,5,3,3,5,1
M,20,C,A,M,Casual,ENFJ,70,30,60,40,70,30,20,80,1,1,4,4,4,1,3,3,5,5,5,5,5,1
M,20,C,B,F,Casual,ISFP,61,39,47,53,51,49,54,46,4,3,4,4,4,4,4,4,4,3,3,3,4,0
M,23,C,A,M,Casual,ISTP,51,49,33,67,26,74,92,8,4,4,4,3,4,4,4,4,4,3,5,1,4,1
F,20,C,C,F,Fantasy,ISTP,79,21,45,55,44,56,56,44,2,1,2,3,4,4,4,4,3,4,2,2,4,1
M,21,B,A,F,Cyberpunk,ENTJ,42,58,60,40,42,58,8,92,1,1,1,1,1,5,1,1,5,5,1,1,1,0
F,20,C,A,M,Traditional,ISTP,90,10,43,57,35,65,57,43,3,3,2,3,4,4,4,4,4,3,4,2,4,0
N,21,B,A,F,Fantasy,ESFJ,42,58,40,60,69,31,31,69,2,3,4,1,3,3,4,3,3,4,3,3,1,0
M,19,C,B,M,Casual,ISFP,53,47,30,70,58,42,64,36,4,5,4,3,5,5,4,3,2,4,3,4,5,1
M,20,C,B,F,Casual,ISFP,72,28,49,51,54,46,53,47,2,5,3,1,5,5,2,2,3,5,3,5,5,0
M,20,C,B,M,Cyberpunk,ISTP,63,37,44,56,43,57,74,26,2,2,1,3,4,3,3,4,1,4,3,2,4,1
M,20,C,B,M,Casual,ISFP,57,43,39,61,51,49,72,28,4,5,3,5,4,5,4,4,4,3,4,4,3,1
M,22,C,A,M,Fantasy,ESTP,44,56,44,56,40,60,76,24,3,3,2,2,4,3,2,4,3,3,3,2,2,1
M,21,C,B,M,Casual,ISFP,82,18,9,91,67,33,64,36,3,2,4,2,2,3,3,3,3,3,3,3,3,1
F,20,C,A,F,Fantasy,ISFP,76,24,34,66,63,37,60,40,3,3,2,3,5,4,4,5,4,4,4,5,4,1
F,19,C,B,F,Casual,ISFP,69,31,43,57,58,42,76,24,3,2,5,3,5,5,5,5,5,5,3,4,3,1
F,20,A,B,F,Traditional,ISFP,51,49,12,88,63,37,68,32,3,4,4,4,5,5,5,5,3,3,3,3,5,1
F,20,D,B,F,Fantasy,ISTP,69,31,47,53,46,54,69,31,2,2,2,4,4,4,4,4,3,3,2,3,4,1
M,20,C,B,M,Cyberpunk,ESTP,40,60,22,78,47,53,56,44,3,3,3,3,3,3,3,3,3,3,3,3,3,1
F,20,C,B,M,Fantasy,ISFP,81,19,36,64,65,35,69,31,2,1,3,2,4,5,4,3,3,3,2,3,4,0
F,20,C,B,F,Fantasy,INTP,93,7,63,37,46,54,63,37,3,3,3,3,3,3,3,3,3,3,3,3,3,1
M,21,C,A,M,Casual,ESTP,46,54,21,79,47,53,65,35,3,4,4,2,4,4,1,4,3,3,1,2,2,1
F,21,C,C,F,Fantasy,ISTP,61,39,46,54,33,67,60,40,2,3,3,4,4,4,4,3,3,4,4,2,3,1
M,20,B,C,F,Fantasy,ISFJ,64,36,27,73,56,44,33,67,5,4,5,5,4,5,5,4,4,5,4,4,5,0
F,20,C,B,F,Cyberpunk,ESTP,25,75,42,58,36,64,54,46,3,3,3,2,1,1,3,2,2,1,2,3,1,1
M,21,A,A,F,Fantasy,ISTP,54,46,34,66,37,63,58,42,1,1,3,3,5,4,3,3,2,3,4,1,5,0
F,19,C,A,F,Kemonomimi,ISTP,74,26,18,82,43,57,71,29,3,4,3,4,4,5,4,3,4,3,4,1,3,1
F,20,C,B,M,Kemonomimi,ESTP,44,56,46,54,42,58,51,49,2,2,2,2,2,2,2,2,2,1,1,3,3,0
F,21,C,A,F,Casual,ISFP,89,11,23,77,79,21,81,19,3,3,4,3,4,4,4,4,2,4,1,3,4,1
M,19,C,A,M,Casual,ISTP,54,46,36,64,47,53,64,36,2,1,2,3,5,5,3,4,5,4,4,4,3,1
M,20,C,A,F,Kemonomimi,ISTP,54,46,29,71,37,63,57,43,3,1,1,4,3,3,3,3,2,3,3,1,4,0
M,20,C,A,F,Fantasy,ISTP,54,46,15,85,47,53,58,42,2,5,3,3,5,2,4,4,1,5,1,1,5,0
M,19,C,C,F,Fantasy,ESTP,49,51,46,54,47,53,57,43,1,1,3,2,2,2,2,2,2,2,2,2,2,0
M,21,C,A,M,Cyberpunk,ISFP,57,43,29,71,53,47,61,39,4,3,4,4,4,4,4,4,4,4,4,4,4,1
M,21,C,A,M,Casual,ISTJ,65,35,30,70,25,75,25,75,2,2,3,3,3,4,4,4,5,5,5,1,3,1
F,20,C,B,M,Traditional,ISTP,57,43,25,75,35,65,67,33,3,4,4,4,5,5,4,4,4,5,3,1,5,0
F,19,C,B,F,Fantasy,ESTP,50,50,50,50,50,50,50,50,1,2,2,3,3,3,3,2,4,3,1,1,1,1
M,20,B,A,M,Casual,ENTJ,43,57,67,33,36,64,42,58,2,1,2,2,4,3,2,2,5,5,3,2,2,1
F,20,C,B,M,Cyberpunk,INTP,83,17,86,14,43,57,65,35,3,3,4,4,4,4,3,3,4,4,2,3,3,0
M,19,C,B,M,Casual,ISTP,61,39,49,51,43,57,63,37,2,2,3,2,4,5,3,3,3,1,1,1,3,1
M,21,B,A,M,Fantasy,ISFP,63,37,23,77,83,17,67,33,3,3,4,3,4,4,4,3,5,3,4,3,4,1
F,21,B,B,F,Traditional,ISFP,72,28,43,57,67,33,76,24,3,3,4,3,5,5,5,3,5,5,3,4,5,1
M,19,C,B,M,Kemonomimi,ISTP,83,17,22,78,15,85,74,26,4,5,2,2,5,5,3,5,5,5,5,2,2,1
F,20,C,B,F,Casual,ISFP,54,46,36,64,67,33,60,40,3,2,4,3,4,4,4,4,4,4,4,4,3,1
F,20,C,B,F,Traditional,ESTP,50,50,55,45,30,70,80,20,2,2,2,2,2,2,3,2,3,2,2,2,3,1
F,21,C,B,F,Fantasy,ISFP,76,24,34,66,58,42,61,39,5,5,4,4,5,5,3,5,5,4,4,3,5,1
M,22,C,B,M,Casual,ESTP,39,61,36,64,43,57,61,39,3,3,2,3,3,3,2,3,3,3,3,1,3,1
